"rep","N","p","conv_ok"
1,15,0.107824015855416,TRUE
1,20,0.000384920553874379,TRUE
1,30,0.0135233675304173,TRUE
1,40,4.05072108011027e-05,TRUE
1,50,1.95465575405381e-05,TRUE
1,60,1.37511701232892e-06,TRUE
1,80,1.06089646632859e-05,TRUE
1,100,1.47009374619674e-07,TRUE
2,15,0.206247286883625,TRUE
2,20,0.0563263928841736,TRUE
2,30,0.103061465903653,TRUE
2,40,0.174662199498149,TRUE
2,50,0.000303320494392542,TRUE
2,60,0.00187142542056924,TRUE
2,80,8.88115340294283e-05,TRUE
2,100,1.14121277776683e-05,TRUE
3,15,0.0098113694378904,FALSE
3,20,0.000698505488198043,TRUE
3,30,0.0229460537422775,TRUE
3,40,0.00109130348075831,TRUE
3,50,2.54471336699786e-08,TRUE
3,60,5.1236542001119e-05,TRUE
3,80,8.91720841427953e-09,TRUE
3,100,8.3755582532294e-10,FALSE
4,15,0.0141219358718269,TRUE
4,20,0.0904226772615203,TRUE
4,30,0.00338514857031401,TRUE
4,40,0.00122878396544641,TRUE
4,50,7.32962361121779e-06,TRUE
4,60,0.00038504567585079,TRUE
4,80,9.3173985422899e-07,TRUE
4,100,3.11078968167991e-07,TRUE
5,15,0.0479243412899926,FALSE
5,20,0.00406986642253843,TRUE
5,30,2.91014062401954e-07,FALSE
5,40,0.0013201079330324,TRUE
5,50,0.0017209579122501,TRUE
5,60,0.000185467114150168,TRUE
5,80,8.88446799597688e-06,TRUE
5,100,3.19319778311888e-06,FALSE
6,15,0.24439568037038,FALSE
6,20,0.0953539706882353,TRUE
6,30,0.00474270266721549,TRUE
6,40,0.0283239462904186,TRUE
6,50,0.000250794962385845,TRUE
6,60,0.00208299549644372,TRUE
6,80,4.1728789060063e-07,TRUE
6,100,8.40260933801835e-08,FALSE
7,15,0.000167176596660268,TRUE
7,20,NA,FALSE
7,30,0.0024399047219433,TRUE
7,40,5.3259877195457e-05,FALSE
7,50,2.94153800759572e-05,TRUE
7,60,2.26146195497959e-06,TRUE
7,80,9.63357506727685e-10,FALSE
7,100,4.91450061997172e-09,TRUE
8,15,0.264989587452587,TRUE
8,20,0.00528015344517631,TRUE
8,30,0.00359885711459865,TRUE
8,40,0.0016517869424297,TRUE
8,50,0.000820236424825011,TRUE
8,60,3.32459757611116e-05,TRUE
8,80,9.25350860485365e-10,TRUE
8,100,1.42626433225818e-08,TRUE
9,15,1.05145022978333e-05,FALSE
9,20,0.000131287779628352,TRUE
9,30,1.43539847620029e-05,TRUE
9,40,8.65892744428243e-09,TRUE
9,50,6.22391972590275e-05,TRUE
9,60,8.95763815198304e-07,TRUE
9,80,2.77591165152928e-09,TRUE
9,100,5.98706577646054e-10,TRUE
10,15,0.0128499806701347,TRUE
10,20,0.0812490067064008,TRUE
10,30,0.120951659007796,TRUE
10,40,0.00347267178168758,TRUE
10,50,0.000556503237456444,TRUE
10,60,0.00931603217833666,TRUE
10,80,8.94919068185518e-06,TRUE
10,100,3.97666888501747e-06,TRUE
11,15,0.138098703097701,TRUE
11,20,0.00926090320753293,TRUE
11,30,0.0058678031375239,TRUE
11,40,4.28637852599167e-07,TRUE
11,50,0.0018850322317959,TRUE
11,60,0.000125598877748615,TRUE
11,80,9.7427506056251e-09,TRUE
11,100,6.12060529660072e-10,TRUE
12,15,0.0256935668339313,TRUE
12,20,0.00210015608552933,TRUE
12,30,0.000690876768779096,TRUE
12,40,0.0202695127507213,TRUE
12,50,0.00869572786817422,TRUE
12,60,0.00735918879677024,TRUE
12,80,5.87832966840621e-07,FALSE
12,100,2.29830664936422e-06,TRUE
13,15,0.133676380885695,TRUE
13,20,6.16977004898034e-05,TRUE
13,30,0.000646425640711279,TRUE
13,40,5.36089093692098e-05,TRUE
13,50,1.68225696813942e-05,TRUE
13,60,1.6826683343104e-08,TRUE
13,80,2.99645537817625e-07,TRUE
13,100,3.19357681105033e-08,TRUE
14,15,0.00152522520483963,TRUE
14,20,0.0035684111176802,TRUE
14,30,0.00370623572018971,TRUE
14,40,0.0013164584483363,TRUE
14,50,6.07663755327643e-05,TRUE
14,60,2.78697418147944e-06,TRUE
14,80,3.06082118171514e-06,TRUE
14,100,1.29497790375875e-07,TRUE
15,15,0.00918912324717511,TRUE
15,20,0.0106009665702664,TRUE
15,30,0.010409821182786,TRUE
15,40,7.94945675799645e-06,TRUE
15,50,0.000189671718485773,TRUE
15,60,0.00872503525174429,TRUE
15,80,1.59611151491621e-07,TRUE
15,100,2.49623160909071e-07,TRUE
16,15,0.468527728795461,TRUE
16,20,0.0282542863244124,TRUE
16,30,0.0259839005138302,TRUE
16,40,0.00708392368952406,TRUE
16,50,7.76926460934279e-05,TRUE
16,60,0.00221532132168861,TRUE
16,80,4.06923904433738e-05,TRUE
16,100,3.27611989860162e-06,TRUE
17,15,NA,FALSE
17,20,0.0571206206652107,TRUE
17,30,0.0621902884965824,TRUE
17,40,0.00969795793557329,TRUE
17,50,0.00199811260632283,FALSE
17,60,0.0133474042465761,TRUE
17,80,0.000139504452971921,TRUE
17,100,0.000856555231252736,TRUE
18,15,0.00151276976044157,TRUE
18,20,0.000376582144446118,TRUE
18,30,0.00103053772691969,TRUE
18,40,0.00530489255006893,TRUE
18,50,5.57863699085431e-07,TRUE
18,60,0.000852473113073606,TRUE
18,80,3.5152041864429e-05,TRUE
18,100,2.39420900572023e-06,TRUE
19,15,0.0149039942930054,TRUE
19,20,0.000137526317440919,TRUE
19,30,0.000743992907113643,TRUE
19,40,0.000868105292037018,TRUE
19,50,0.000577007147261157,TRUE
19,60,0.000148994761491336,TRUE
19,80,8.82980818177838e-06,TRUE
19,100,1.39715748185562e-06,TRUE
20,15,0.0600188502222205,TRUE
20,20,0.0163129179981386,TRUE
20,30,0.00652227653679959,TRUE
20,40,0.00195750907398175,TRUE
20,50,0.000551870403441209,TRUE
20,60,1.83067210821939e-05,TRUE
20,80,4.80524404224201e-06,FALSE
20,100,6.77860088827549e-07,TRUE
21,15,0.0436463799923955,TRUE
21,20,0.0113049537781276,TRUE
21,30,0.0059121688196189,TRUE
21,40,0.00243126291949279,TRUE
21,50,2.00505102872666e-05,FALSE
21,60,0.00134251570383003,TRUE
21,80,1.11797974541752e-05,TRUE
21,100,3.86527127979095e-05,TRUE
22,15,0.0307834428904017,TRUE
22,20,0.970260905024305,TRUE
22,30,0.0540825010489366,TRUE
22,40,8.74388407465856e-05,TRUE
22,50,7.95144503325376e-07,TRUE
22,60,0.000394394561208492,TRUE
22,80,6.07570122662479e-05,TRUE
22,100,0.000141020884082653,TRUE
23,15,0.28193941853783,TRUE
23,20,0.0237021821116964,TRUE
23,30,0.000859718023436882,TRUE
23,40,0.000125921475546188,TRUE
23,50,7.99001561946992e-05,TRUE
23,60,2.23813739245335e-05,TRUE
23,80,1.2373450948428e-06,FALSE
23,100,4.32886268794796e-08,TRUE
24,15,0.264131227506379,TRUE
24,20,0.354784304206166,TRUE
24,30,0.0305267814181921,TRUE
24,40,0.0121889178695063,FALSE
24,50,0.00269904298724952,TRUE
24,60,1.08291207188239e-05,TRUE
24,80,6.64980648495737e-07,TRUE
24,100,1.36549527395246e-05,TRUE
25,15,0.446045322523497,TRUE
25,20,0.578053711376811,FALSE
25,30,0.0467589981266391,FALSE
25,40,1.86220914112347e-05,TRUE
25,50,0.00832655720696541,TRUE
25,60,8.81049361530265e-06,FALSE
25,80,7.87732598386727e-06,TRUE
25,100,8.296522010703e-08,TRUE
26,15,0.155205277298822,TRUE
26,20,0.218772673376976,FALSE
26,30,0.254672217733705,FALSE
26,40,0.0597526044064156,TRUE
26,50,0.0111908297550732,TRUE
26,60,0.0103389908786009,TRUE
26,80,1.65992859923355e-05,TRUE
26,100,2.65492662591166e-06,TRUE
27,15,0.447100584963703,TRUE
27,20,0.00410422535499533,TRUE
27,30,0.0241189860844422,TRUE
27,40,0.3410872484446,TRUE
27,50,0.0359107205402133,TRUE
27,60,0.000986701164326232,TRUE
27,80,0.0150473204885566,TRUE
27,100,0.00467003439175619,TRUE
28,15,7.2482956263255e-05,TRUE
28,20,0.0164248508045052,TRUE
28,30,7.62155017134598e-07,TRUE
28,40,4.31381605496434e-07,TRUE
28,50,6.92010866987699e-06,TRUE
28,60,2.76506605694616e-05,TRUE
28,80,2.85978652128998e-08,TRUE
28,100,6.85099824996791e-09,TRUE
29,15,0.614288698493381,TRUE
29,20,0.00623754456952775,TRUE
29,30,0.0566607412959156,TRUE
29,40,4.08442276849523e-05,TRUE
29,50,0.00521575788396649,FALSE
29,60,2.21814618789732e-06,TRUE
29,80,7.53047381839027e-06,FALSE
29,100,1.62706989728155e-05,TRUE
30,15,0.0132232018807812,TRUE
30,20,0.0209308280799229,TRUE
30,30,0.0098619740540259,TRUE
30,40,0.074857120491559,TRUE
30,50,0.000269933995517796,TRUE
30,60,3.02096618417005e-05,TRUE
30,80,0.000158528759772743,TRUE
30,100,7.7845058441624e-09,TRUE
31,15,NA,TRUE
31,20,0.000182745119046853,TRUE
31,30,3.00948935306123e-06,TRUE
31,40,0.000606312424561547,TRUE
31,50,0.00110265625825428,TRUE
31,60,4.67509447776273e-05,FALSE
31,80,0.000102679676424031,TRUE
31,100,6.5456260904252e-08,TRUE
32,15,0.949879532476598,TRUE
32,20,0.186721723423101,TRUE
32,30,0.0315662591788795,TRUE
32,40,0.0598678274984955,TRUE
32,50,0.000349999620262263,TRUE
32,60,0.00477875261842282,TRUE
32,80,0.00398414054182235,TRUE
32,100,0.000177368355629437,TRUE
33,15,0.000919496288491594,TRUE
33,20,0.00186270631585966,TRUE
33,30,7.60756786811357e-05,TRUE
33,40,0.00640151423170469,TRUE
33,50,0.000129481648879782,TRUE
33,60,0.0014358555018606,TRUE
33,80,0.00111036381063313,TRUE
33,100,7.79569739382713e-05,TRUE
34,15,0.405375694467723,FALSE
34,20,0.0834980325034103,TRUE
34,30,0.262673777067231,TRUE
34,40,0.0128263431094482,TRUE
34,50,0.0126169679112456,TRUE
34,60,0.0369172924375332,TRUE
34,80,0.0616833744718702,TRUE
34,100,0.001995904877781,TRUE
35,15,0.146344535279139,TRUE
35,20,0.724333545338605,TRUE
35,30,0.0902154657706815,FALSE
35,40,0.000188104295471266,TRUE
35,50,0.00413594604595012,TRUE
35,60,0.00153516461893751,TRUE
35,80,1.66283315310476e-05,TRUE
35,100,2.33887398662516e-06,TRUE
36,15,0.0107303776232618,TRUE
36,20,0.416666156278357,TRUE
36,30,0.00189150748105796,TRUE
36,40,4.01070851914871e-08,TRUE
36,50,0.00207783327483655,TRUE
36,60,8.72750469273122e-06,TRUE
36,80,4.84812447407221e-06,TRUE
36,100,3.47151624438586e-07,TRUE
37,15,0.458538786912715,TRUE
37,20,0.135151956713892,TRUE
37,30,0.00337074593205058,TRUE
37,40,0.00125657964393246,TRUE
37,50,0.00012449947425588,TRUE
37,60,0.00120238411986988,FALSE
37,80,0.000204426786780096,TRUE
37,100,2.63458941415508e-05,TRUE
38,15,NA,FALSE
38,20,6.5798435299065e-05,TRUE
38,30,0.000722228619103525,TRUE
38,40,9.04378967084175e-06,TRUE
38,50,2.43806587953528e-05,TRUE
38,60,1.7153836890483e-05,TRUE
38,80,1.03784298527094e-06,TRUE
38,100,4.09270831726148e-09,TRUE
39,15,0.00100834774073416,TRUE
39,20,0.000885610285807739,TRUE
39,30,0.00060681489439204,TRUE
39,40,0.000165378656263481,TRUE
39,50,0.00425110083808907,TRUE
39,60,7.26408011679301e-06,TRUE
39,80,9.69576841824143e-08,TRUE
39,100,5.50386703115418e-07,TRUE
40,15,0.00482335771355828,TRUE
40,20,0.16271008116322,FALSE
40,30,0.00712984109542965,TRUE
40,40,0.0448537302100565,TRUE
40,50,0.000202290477717342,TRUE
40,60,0.00284097671617403,TRUE
40,80,0.000199430337238423,TRUE
40,100,7.1459812174246e-05,TRUE
41,15,2.67259970560449e-05,TRUE
41,20,0.00754168949967211,TRUE
41,30,0.00165889331690306,TRUE
41,40,0.000122863154508986,TRUE
41,50,4.65855926648169e-06,TRUE
41,60,1.87913430184216e-09,TRUE
41,80,1.7294779035206e-06,FALSE
41,100,6.27939023812861e-09,TRUE
42,15,0.0430142691214676,TRUE
42,20,0.0120182395233256,TRUE
42,30,4.2512627003663e-07,TRUE
42,40,2.00027961962814e-05,TRUE
42,50,3.23244377430167e-05,TRUE
42,60,6.75018967300539e-07,TRUE
42,80,1.50351170296828e-08,TRUE
42,100,3.51252015568101e-09,TRUE
43,15,0.00208782326185407,FALSE
43,20,0.0140742993589073,FALSE
43,30,0.0187423597112884,FALSE
43,40,0.0204836291287718,TRUE
43,50,0.00117412891529506,TRUE
43,60,0.000273993518390226,TRUE
43,80,0.0128657028651963,TRUE
43,100,0.00030061366640201,TRUE
44,15,0.327364667243537,FALSE
44,20,0.155518523015937,TRUE
44,30,0.00270916662856325,TRUE
44,40,0.00482692016107929,TRUE
44,50,5.7973766725028e-05,TRUE
44,60,0.000143495624650698,TRUE
44,80,4.36421735449897e-05,TRUE
44,100,0.0002032596270175,TRUE
45,15,0.370394529263839,TRUE
45,20,0.0396885708353338,TRUE
45,30,0.271724023380219,TRUE
45,40,0.124059776161943,TRUE
45,50,0.000577877853667376,TRUE
45,60,0.0162607502652924,TRUE
45,80,0.000643915458606644,TRUE
45,100,0.000458962046512885,TRUE
46,15,0.563572061964899,TRUE
46,20,0.0001307707065476,TRUE
46,30,0.0404161673323875,TRUE
46,40,6.11076076360777e-05,FALSE
46,50,1.95942868194399e-05,TRUE
46,60,0.000190020190613843,TRUE
46,80,3.05645891349517e-07,TRUE
46,100,6.73464916111312e-07,TRUE
47,15,0.96701632545598,TRUE
47,20,0.195322829182872,TRUE
47,30,0.00367938095713116,TRUE
47,40,0.0412569371718906,TRUE
47,50,0.0219270409106806,TRUE
47,60,0.0731398230014021,TRUE
47,80,0.000247755863442305,TRUE
47,100,0.00027572754070417,TRUE
48,15,0.103078813706102,TRUE
48,20,0.000314203577464167,TRUE
48,30,2.37040027063092e-06,TRUE
48,40,2.21753654500938e-05,TRUE
48,50,0.000151563757560128,TRUE
48,60,2.5316989014727e-09,TRUE
48,80,4.86711514803097e-10,TRUE
48,100,8.8888755993735e-10,FALSE
49,15,0.0977067392799125,TRUE
49,20,0.535427997704792,TRUE
49,30,0.0444282454093303,FALSE
49,40,0.0305171658620056,TRUE
49,50,0.00769976181491036,TRUE
49,60,0.0588758960437497,TRUE
49,80,0.00120912360790619,TRUE
49,100,0.0062376223309856,TRUE
50,15,0.0143078174953684,TRUE
50,20,0.0687714095470909,TRUE
50,30,0.00450385074938687,TRUE
50,40,0.00715486633726047,TRUE
50,50,0.00231067252240812,TRUE
50,60,0.00838995047836965,TRUE
50,80,0.000258212691762635,TRUE
50,100,2.01409302515798e-06,TRUE
51,15,0.352081606909655,FALSE
51,20,0.118623563081754,TRUE
51,30,0.0118354368999922,TRUE
51,40,0.0264035887733095,TRUE
51,50,0.0611138757945682,TRUE
51,60,0.0136857174124942,TRUE
51,80,0.017184865752899,TRUE
51,100,7.74505353329882e-05,TRUE
52,15,0.0226727231566471,TRUE
52,20,0.070934972935398,TRUE
52,30,0.00067773774804554,FALSE
52,40,0.000895623695734649,TRUE
52,50,6.44373233080347e-06,TRUE
52,60,1.5423399189075e-08,TRUE
52,80,5.03657745485065e-08,FALSE
52,100,1.15503713110889e-07,TRUE
53,15,0.127690810502929,TRUE
53,20,0.00368184039616862,TRUE
53,30,5.71500167091131e-05,TRUE
53,40,0.000127594297506699,TRUE
53,50,3.07651620764476e-05,TRUE
53,60,7.51369257762137e-07,TRUE
53,80,1.59166086912916e-08,TRUE
53,100,2.21179595820245e-08,TRUE
54,15,0.111198596017096,TRUE
54,20,0.00593477232042118,TRUE
54,30,0.223106906386318,TRUE
54,40,0.0324070917653631,TRUE
54,50,0.0415366393745981,TRUE
54,60,0.00756258559901185,TRUE
54,80,8.12194052970461e-05,TRUE
54,100,8.6781015138365e-05,TRUE
55,15,0.021827553172375,TRUE
55,20,0.0054762584820226,TRUE
55,30,1.59944014956807e-05,TRUE
55,40,5.0963623182522e-09,FALSE
55,50,0.00018042579415798,FALSE
55,60,2.19016726351248e-05,TRUE
55,80,2.84156726528659e-07,TRUE
55,100,6.53885902433359e-09,TRUE
56,15,0.768070248065425,TRUE
56,20,0.0440767560602097,TRUE
56,30,0.0353459582558455,TRUE
56,40,0.000135811906709687,TRUE
56,50,7.78385441310413e-06,TRUE
56,60,0.000272390844419227,FALSE
56,80,7.95615859963683e-07,TRUE
56,100,1.87442414147341e-06,TRUE
57,15,0.0261533881325378,TRUE
57,20,0.0723804895621159,TRUE
57,30,0.0254042289722708,TRUE
57,40,0.000451107890938813,FALSE
57,50,1.2044101941362e-05,TRUE
57,60,0.000363488440772578,TRUE
57,80,5.02361143432779e-05,TRUE
57,100,6.59060985310039e-07,TRUE
58,15,0.0322598776941047,FALSE
58,20,0.00717127498314842,TRUE
58,30,0.00962939232804451,TRUE
58,40,0.00281334878195603,TRUE
58,50,0.00262960590832512,TRUE
58,60,1.25643996005835e-05,TRUE
58,80,1.95181072396801e-06,TRUE
58,100,6.27955068291299e-07,TRUE
59,15,0.0223407332356582,TRUE
59,20,0.00258813661089971,TRUE
59,30,0.00524131240801745,TRUE
59,40,2.06136852633031e-05,TRUE
59,50,0.000244399012359784,TRUE
59,60,1.39288007487368e-05,TRUE
59,80,4.97498209027622e-05,FALSE
59,100,6.00570900583254e-08,TRUE
60,15,0.106413618021435,TRUE
60,20,0.034730979023211,TRUE
60,30,0.0284610278448265,TRUE
60,40,0.000570773965680479,TRUE
60,50,0.000135490967490413,FALSE
60,60,0.000559771194490998,TRUE
60,80,0.000831657989632515,TRUE
60,100,6.56984679142284e-05,TRUE
61,15,0.00915874498958754,TRUE
61,20,0.497792036835902,TRUE
61,30,0.000177122542905801,FALSE
61,40,0.000129205626140581,FALSE
61,50,0.000210364206857108,TRUE
61,60,4.44470125561259e-05,TRUE
61,80,6.0206506026443e-07,TRUE
61,100,1.43840070607068e-09,TRUE
62,15,0.143835132967908,TRUE
62,20,0.00182197192250996,TRUE
62,30,0.00958483071051568,TRUE
62,40,0.00108130558834996,TRUE
62,50,0.000444666974019598,TRUE
62,60,2.42729500190315e-06,TRUE
62,80,3.11463604220291e-08,TRUE
62,100,8.6569575491489e-10,TRUE
63,15,0.000480332967631671,TRUE
63,20,0.0642638636842112,TRUE
63,30,0.196828551493135,TRUE
63,40,0.00771411091334774,TRUE
63,50,0.00929479294021495,TRUE
63,60,0.000518381949593468,TRUE
63,80,0.000584683468658881,TRUE
63,100,1.85278978006351e-05,TRUE
64,15,0.0132608512170178,TRUE
64,20,0.045624528119967,TRUE
64,30,0.0524146233924002,TRUE
64,40,0.000514438385537076,TRUE
64,50,7.20653655945845e-05,TRUE
64,60,0.000135601482514971,TRUE
64,80,1.07349668114815e-07,TRUE
64,100,7.96498411786294e-07,TRUE
65,15,0.00914141602360657,TRUE
65,20,0.461603189307595,TRUE
65,30,0.00225122570674608,TRUE
65,40,0.000248393124235596,TRUE
65,50,3.92661635498687e-06,TRUE
65,60,0.000254384121493626,TRUE
65,80,5.17357038328051e-06,TRUE
65,100,2.48523503499253e-06,TRUE
66,15,0.015002299509157,TRUE
66,20,0.0103392677464766,TRUE
66,30,0.898013244696176,TRUE
66,40,0.0228901691209194,TRUE
66,50,0.0708706676035213,TRUE
66,60,0.00373025334467193,TRUE
66,80,0.00056328435982616,TRUE
66,100,0.000572680942685215,FALSE
67,15,0.0549702393385178,TRUE
67,20,0.0108887359566873,TRUE
67,30,0.00572398263484835,TRUE
67,40,0.00277254527880346,TRUE
67,50,0.00315159825066528,TRUE
67,60,0.000786720516667469,FALSE
67,80,3.98704732947588e-05,TRUE
67,100,1.12047868343848e-06,TRUE
68,15,0.00951724627307713,TRUE
68,20,0.402227399119065,TRUE
68,30,0.0807775860490526,TRUE
68,40,0.185102575826015,TRUE
68,50,0.0256947499481988,TRUE
68,60,0.000357233570895911,TRUE
68,80,0.000782036581437438,TRUE
68,100,6.72365420205554e-06,TRUE
69,15,0.032919786299782,TRUE
69,20,0.021284046846437,TRUE
69,30,0.0865841772250878,TRUE
69,40,0.00121924844326576,TRUE
69,50,0.000212600595095715,TRUE
69,60,0.0116227385871882,TRUE
69,80,0.0010667330544163,TRUE
69,100,2.30680460495565e-05,TRUE
70,15,0.0774317157743825,TRUE
70,20,0.844527025582542,TRUE
70,30,0.13522799865185,TRUE
70,40,0.00471544950312799,TRUE
70,50,9.22157595771939e-05,TRUE
70,60,0.0128926107427099,TRUE
70,80,0.00323024802697002,TRUE
70,100,0.000674092352848644,TRUE
71,15,0.00224226784043452,TRUE
71,20,0.00186659920576056,FALSE
71,30,0.0217285547646759,TRUE
71,40,0.000739949205713489,TRUE
71,50,7.81516965964825e-06,TRUE
71,60,1.38921451686989e-07,FALSE
71,80,8.77401791559196e-06,TRUE
71,100,4.54413557934553e-06,TRUE
72,15,0.429198299795749,TRUE
72,20,0.0182361117904437,TRUE
72,30,0.0193726392916961,TRUE
72,40,0.000360498875939956,TRUE
72,50,0.0157257735316635,TRUE
72,60,0.00543776675625846,TRUE
72,80,8.89380492551934e-06,TRUE
72,100,2.08680774072251e-05,TRUE
73,15,0.102837808015274,TRUE
73,20,0.0950392444859329,TRUE
73,30,0.000105177144662485,TRUE
73,40,0.00551394926427228,FALSE
73,50,1.2746267161152e-06,TRUE
73,60,6.79156571004367e-05,FALSE
73,80,4.74971827459536e-06,TRUE
73,100,6.38936600282085e-08,TRUE
74,15,0.00327006513168968,TRUE
74,20,0.00222354263131714,TRUE
74,30,0.000217203540961071,TRUE
74,40,0.029919239907507,TRUE
74,50,6.2853120277452e-06,TRUE
74,60,6.83981360675649e-07,TRUE
74,80,5.3394851821086e-07,TRUE
74,100,5.25466717868015e-09,TRUE
75,15,0.163311661356283,TRUE
75,20,0.612129673779803,FALSE
75,30,0.0360539344979268,TRUE
75,40,0.000576583647208977,TRUE
75,50,0.00418123704569092,TRUE
75,60,0.00140294236998086,FALSE
75,80,0.00237225278022643,TRUE
75,100,2.3722805943137e-05,TRUE
76,15,0.00815956620088753,TRUE
76,20,0.154894200538863,TRUE
76,30,0.0235348995611458,TRUE
76,40,0.015686031602855,TRUE
76,50,0.000653768898210505,TRUE
76,60,5.05569811185379e-06,TRUE
76,80,7.65708829635146e-07,TRUE
76,100,2.6664071456544e-07,TRUE
77,15,0.0388428533184162,TRUE
77,20,0.185539304890131,TRUE
77,30,0.0117736146295303,TRUE
77,40,0.0326584237838874,TRUE
77,50,0.00856365257647627,TRUE
77,60,0.00321884725457761,TRUE
77,80,0.00121193922449025,TRUE
77,100,6.5131971537892e-05,TRUE
78,15,0.161153856265066,FALSE
78,20,0.137321961066384,TRUE
78,30,0.00409850697761204,FALSE
78,40,0.00167843667722644,TRUE
78,50,0.00115664779812678,TRUE
78,60,0.020974736612456,TRUE
78,80,0.000176472764169054,TRUE
78,100,0.000196395682260967,FALSE
79,15,0.00924484840665694,TRUE
79,20,0.204238403839511,TRUE
79,30,0.0123890491003421,TRUE
79,40,0.0114409287818501,TRUE
79,50,0.0466037589895046,TRUE
79,60,0.00616230730659977,TRUE
79,80,0.0016696793237538,TRUE
79,100,0.0011593742625919,TRUE
80,15,0.000465881800063198,FALSE
80,20,0.0147951560047258,TRUE
80,30,0.000481167374523587,TRUE
80,40,0.0122176650807722,TRUE
80,50,0.0132917766381824,TRUE
80,60,0.00056744949948173,TRUE
80,80,6.85882088932413e-05,TRUE
80,100,2.2833823646468e-05,TRUE
81,15,0.638848834423019,TRUE
81,20,0.676346096086398,TRUE
81,30,0.2070502585932,TRUE
81,40,0.000587182544096376,TRUE
81,50,0.00073307185157935,TRUE
81,60,0.0145414376283274,TRUE
81,80,0.000476711140341357,TRUE
81,100,5.65837565437681e-05,TRUE
82,15,0.029836242610665,TRUE
82,20,0.0115570474612167,TRUE
82,30,0.0186400858823144,TRUE
82,40,0.000900085886516455,TRUE
82,50,1.09176535844899e-05,TRUE
82,60,2.04713721083724e-08,TRUE
82,80,3.23572417926385e-08,TRUE
82,100,6.34511645033046e-10,TRUE
83,15,0.232687915512622,FALSE
83,20,0.23285323114854,FALSE
83,30,0.16699570752089,TRUE
83,40,0.012663620524132,FALSE
83,50,0.10465153154313,TRUE
83,60,0.00650134604973992,TRUE
83,80,0.000223210569155225,TRUE
83,100,0.000936541185812712,TRUE
84,15,0.0452956282621431,TRUE
84,20,0.107593078480558,TRUE
84,30,0.553088140016183,FALSE
84,40,0.0594943354571699,TRUE
84,50,0.000169939025475231,TRUE
84,60,0.00361880535567098,TRUE
84,80,0.00212195792777441,FALSE
84,100,0.00049534345188754,TRUE
85,15,0.0288436194119389,TRUE
85,20,0.271278646639687,TRUE
85,30,0.0255336775093532,TRUE
85,40,0.0053143208581912,TRUE
85,50,0.00624587514160768,TRUE
85,60,0.0117357706987638,TRUE
85,80,0.00337188528419581,TRUE
85,100,0.000144988933677357,TRUE
86,15,0.120651280975147,TRUE
86,20,0.282201461111604,TRUE
86,30,0.00166633694659457,TRUE
86,40,4.67532380119354e-05,TRUE
86,50,4.77635171868067e-05,TRUE
86,60,4.6567752895777e-06,FALSE
86,80,1.26462558562053e-08,TRUE
86,100,5.97830774636192e-10,TRUE
87,15,0.0205741438219202,TRUE
87,20,0.00132427625377566,TRUE
87,30,0.00204791218956733,TRUE
87,40,0.00187029182433434,TRUE
87,50,0.123897791312496,TRUE
87,60,4.05350579014532e-06,TRUE
87,80,2.10091938726488e-06,TRUE
87,100,3.06748279081945e-06,TRUE
88,15,0.371568709088064,TRUE
88,20,0.0611495907858265,TRUE
88,30,0.000303935812400274,TRUE
88,40,0.00555011836323435,TRUE
88,50,0.000475629289546178,TRUE
88,60,0.00161831511000261,TRUE
88,80,4.18273910420333e-06,TRUE
88,100,4.88815954503538e-06,TRUE
89,15,0.0163608811677055,TRUE
89,20,0.235329052895827,FALSE
89,30,0.0516317625295619,TRUE
89,40,0.00449201994586193,TRUE
89,50,0.0120647536416881,TRUE
89,60,1.88391644733766e-05,TRUE
89,80,7.32020993216121e-06,TRUE
89,100,8.03729245539249e-07,TRUE
90,15,0.000453923203059135,TRUE
90,20,0.000153746704518792,TRUE
90,30,0.000142610801841279,TRUE
90,40,0.000784027385696757,TRUE
90,50,3.64486422259096e-07,TRUE
90,60,1.12573934065696e-05,TRUE
90,80,8.95969150961264e-08,TRUE
90,100,3.23362797652791e-08,TRUE
91,15,0.649923291997379,TRUE
91,20,0.0704711521899704,TRUE
91,30,0.0549460462922873,TRUE
91,40,0.0215794368457857,TRUE
91,50,0.00117621854023606,TRUE
91,60,0.000234816764261813,TRUE
91,80,4.51338988109311e-05,TRUE
91,100,0.000534476145566883,TRUE
92,15,0.0180269595763653,TRUE
92,20,0.0225633823544312,TRUE
92,30,0.000204533664048942,TRUE
92,40,0.0026671764215807,TRUE
92,50,0.000427264994608595,TRUE
92,60,4.6296334548919e-05,TRUE
92,80,1.47448722806993e-06,TRUE
92,100,2.12305888854753e-07,TRUE
93,15,0.0814975350284825,TRUE
93,20,0.00306420369134807,TRUE
93,30,0.00547497150597524,TRUE
93,40,0.00088579773348949,TRUE
93,50,0.000217413412583754,TRUE
93,60,7.54113615077536e-05,TRUE
93,80,1.29245038584488e-06,TRUE
93,100,1.21495856691257e-06,TRUE
94,15,0.0685819388211865,TRUE
94,20,0.0120508383947974,TRUE
94,30,0.0109849553924386,TRUE
94,40,1.3001769636974e-05,TRUE
94,50,0.000118952721135048,TRUE
94,60,2.13943323178126e-07,TRUE
94,80,3.40055784197939e-08,TRUE
94,100,2.54784863131073e-10,FALSE
95,15,0.0206337644107592,TRUE
95,20,0.000827325769722718,FALSE
95,30,0.001700515965255,FALSE
95,40,0.000106511373508228,TRUE
95,50,0.000477298586576738,TRUE
95,60,8.49588115666409e-07,TRUE
95,80,1.18899930434598e-05,TRUE
95,100,1.35941057158624e-06,TRUE
96,15,0.00108528842687899,TRUE
96,20,0.00213422912935192,TRUE
96,30,0.00472227490648039,FALSE
96,40,0.000140317245171944,FALSE
96,50,3.64945798282004e-05,FALSE
96,60,7.11904306336258e-06,TRUE
96,80,4.93091330855825e-08,TRUE
96,100,2.02234764727541e-08,TRUE
97,15,0.0386346924864253,TRUE
97,20,0.266960342689595,TRUE
97,30,5.05532023488458e-05,FALSE
97,40,6.22318930905605e-05,TRUE
97,50,0.00023098190504502,FALSE
97,60,2.74269083169573e-07,TRUE
97,80,1.45719537003817e-05,TRUE
97,100,4.18368064347074e-06,FALSE
98,15,0.00285908213148409,TRUE
98,20,0.0106629103032571,TRUE
98,30,0.110382404519221,TRUE
98,40,2.68722693997443e-05,TRUE
98,50,1.08141217027365e-05,TRUE
98,60,2.31315026657675e-05,TRUE
98,80,9.52068003765205e-07,TRUE
98,100,4.1425069339885e-09,TRUE
99,15,0.00802708258825263,TRUE
99,20,0.0404117578800565,TRUE
99,30,0.0147932789526443,TRUE
99,40,8.13877180735872e-05,TRUE
99,50,0.0262131283313247,TRUE
99,60,0.000570487123789524,TRUE
99,80,0.00027633954851224,TRUE
99,100,1.19819785214581e-06,TRUE
100,15,0.00233766336432246,TRUE
100,20,0.0336555769887283,TRUE
100,30,0.00266589170481936,TRUE
100,40,1.39417284950158e-05,TRUE
100,50,5.41874930773099e-05,TRUE
100,60,5.91035262577007e-05,TRUE
100,80,1.05811018540499e-05,TRUE
100,100,5.69752153310743e-07,TRUE
101,15,0.0165144305075461,TRUE
101,20,0.0128425687186228,TRUE
101,30,0.0120885549061641,TRUE
101,40,0.00639402025326583,TRUE
101,50,1.22356388037883e-05,TRUE
101,60,0.000355563112931793,FALSE
101,80,4.37419115465094e-06,TRUE
101,100,2.4783978265964e-06,TRUE
102,15,0.00193759282831715,FALSE
102,20,0.0165189382673886,TRUE
102,30,0.00439659207957764,TRUE
102,40,0.000832168754088861,TRUE
102,50,5.85256393150054e-06,TRUE
102,60,6.28819224253994e-05,TRUE
102,80,7.14406103000616e-06,TRUE
102,100,1.35913316873425e-08,TRUE
103,15,0.0030055321037615,TRUE
103,20,0.000116751257375811,TRUE
103,30,0.0116774426020908,TRUE
103,40,0.00450446133837124,TRUE
103,50,0.00791778305147433,TRUE
103,60,0.0207948989886777,TRUE
103,80,0.000389531170502505,TRUE
103,100,6.37039277417472e-06,TRUE
104,15,0.0537232024965276,TRUE
104,20,0.00105314091485206,TRUE
104,30,0.00337449715781009,TRUE
104,40,5.06288591812243e-05,TRUE
104,50,9.72161906263679e-05,TRUE
104,60,7.07860310458216e-07,TRUE
104,80,4.39034979668528e-06,TRUE
104,100,1.91623368074242e-07,TRUE
105,15,0.00153587590580119,TRUE
105,20,0.00114040523458881,TRUE
105,30,0.00318405338619037,TRUE
105,40,9.64137415435568e-08,TRUE
105,50,5.84680269835992e-06,TRUE
105,60,7.39994543953838e-06,FALSE
105,80,2.38529868975619e-07,TRUE
105,100,4.51615837723013e-10,TRUE
106,15,0.0778520387990321,TRUE
106,20,0.00714919254604392,TRUE
106,30,0.102235026229139,TRUE
106,40,0.0130049331455737,TRUE
106,50,0.0143011790978222,TRUE
106,60,0.000587263220028919,TRUE
106,80,7.89212618782094e-07,TRUE
106,100,4.61334329522106e-07,TRUE
107,15,0.413447711215704,TRUE
107,20,0.640695461233207,TRUE
107,30,0.0767685455392147,TRUE
107,40,0.061175499565919,TRUE
107,50,0.0408713370595243,TRUE
107,60,0.00843911454757344,TRUE
107,80,0.00166934235298212,TRUE
107,100,0.00146256020188243,TRUE
108,15,0.285880134360168,TRUE
108,20,0.0217863919030708,TRUE
108,30,0.00331097534132685,TRUE
108,40,0.000627528994676321,TRUE
108,50,5.70017080174518e-05,TRUE
108,60,0.000840787627471369,TRUE
108,80,1.32223308563713e-05,TRUE
108,100,1.83257973925674e-06,TRUE
109,15,0.0199445138007131,FALSE
109,20,0.0187370483971424,TRUE
109,30,0.00176141430385211,TRUE
109,40,9.6153177172706e-06,TRUE
109,50,0.000123722097386264,TRUE
109,60,1.2161113598711e-05,TRUE
109,80,1.71221064304131e-06,TRUE
109,100,1.50909075133052e-06,TRUE
110,15,0.970626786865913,TRUE
110,20,0.575019588082907,TRUE
110,30,0.0079705468857745,TRUE
110,40,0.123424699294266,TRUE
110,50,0.00858763338398249,TRUE
110,60,0.0110351242443382,FALSE
110,80,0.0349823996754623,TRUE
110,100,0.0132937245527873,TRUE
111,15,0.223192072098131,TRUE
111,20,0.0495661832833754,TRUE
111,30,0.0905373911207554,TRUE
111,40,0.000275772271701088,TRUE
111,50,0.000613450811818563,TRUE
111,60,2.15200062411048e-07,TRUE
111,80,2.02803285285228e-06,TRUE
111,100,4.93667470900793e-08,TRUE
112,15,0.0374100183347531,TRUE
112,20,0.0427755678756617,TRUE
112,30,0.00159736771757947,FALSE
112,40,0.072883925381956,TRUE
112,50,0.00147829638106839,FALSE
112,60,7.77384924627701e-05,TRUE
112,80,0.000643477439638236,TRUE
112,100,3.99941417976882e-05,TRUE
113,15,0.00510688612648841,TRUE
113,20,0.18438886895775,FALSE
113,30,0.117914500760011,TRUE
113,40,0.0167035634578406,TRUE
113,50,0.000471995174560743,TRUE
113,60,0.00871557122862255,TRUE
113,80,0.0032606517670903,FALSE
113,100,0.00298078661459009,TRUE
114,15,0.00336271914810218,TRUE
114,20,1.27811962049048e-07,FALSE
114,30,0.000159899765144795,TRUE
114,40,1.38855026566311e-08,TRUE
114,50,9.83563213716231e-08,FALSE
114,60,2.45893493060585e-07,TRUE
114,80,8.53778654007964e-12,TRUE
114,100,8.31126780626594e-13,TRUE
115,15,0.120686834924705,TRUE
115,20,0.180192724752239,TRUE
115,30,0.00799416461626496,TRUE
115,40,0.0984867209435646,TRUE
115,50,0.119140150113469,TRUE
115,60,0.000527979152747143,TRUE
115,80,0.000303872453682761,TRUE
115,100,5.40092630214077e-05,TRUE
116,15,0.0605547028743283,TRUE
116,20,0.0284830020402341,TRUE
116,30,0.0296846282009599,TRUE
116,40,0.000663808701128551,TRUE
116,50,6.81029395500558e-06,TRUE
116,60,0.00235322531955215,TRUE
116,80,8.99283124516122e-07,TRUE
116,100,3.8340953823078e-07,TRUE
117,15,0.00800499767910257,TRUE
117,20,0.229153068676407,TRUE
117,30,0.00454733207810997,TRUE
117,40,0.00676961813252822,TRUE
117,50,0.0051472498315274,TRUE
117,60,2.25955719841491e-06,TRUE
117,80,7.98027773466772e-06,TRUE
117,100,5.97916160504074e-06,TRUE
118,15,0.012636429997726,TRUE
118,20,0.203194346485639,TRUE
118,30,0.000339520882801925,TRUE
118,40,0.00811073924097894,TRUE
118,50,0.00401094338015613,TRUE
118,60,7.73697447467985e-06,TRUE
118,80,6.50719079538232e-07,TRUE
118,100,4.90414149407256e-07,TRUE
119,15,0.124857036457394,TRUE
119,20,0.0191685264956879,TRUE
119,30,0.0163065491149869,TRUE
119,40,2.62241211827738e-05,TRUE
119,50,1.01150794003365e-05,TRUE
119,60,0.000694111628207397,TRUE
119,80,3.4961233304653e-06,TRUE
119,100,3.10844002534145e-07,TRUE
120,15,0.0023988861998671,TRUE
120,20,0.0954983061290175,FALSE
120,30,0.0426287945423445,TRUE
120,40,0.00122237571272491,TRUE
120,50,0.00562824014401616,TRUE
120,60,0.000363341643066831,TRUE
120,80,0.00241634887115342,FALSE
120,100,0.000763989070877675,TRUE
121,15,0.0747751208597104,TRUE
121,20,0.0164283247331284,TRUE
121,30,0.0115179433973027,TRUE
121,40,0.00195903682183518,TRUE
121,50,1.9108949257639e-05,TRUE
121,60,0.000854137262505748,TRUE
121,80,0.00117367348944071,TRUE
121,100,3.07963897431898e-06,TRUE
122,15,0.0252237945752688,FALSE
122,20,0.115836702867645,TRUE
122,30,0.00413066390320802,TRUE
122,40,0.229932863312389,TRUE
122,50,0.0091068583147296,TRUE
122,60,0.00450365236283128,TRUE
122,80,0.00880003593193336,TRUE
122,100,0.00218000778932898,TRUE
123,15,0.0499348929383405,TRUE
123,20,0.0110124304483415,TRUE
123,30,0.00776448295979293,TRUE
123,40,9.20332251203178e-05,TRUE
123,50,0.000308170004506238,TRUE
123,60,1.51561777105516e-06,FALSE
123,80,2.10842694414055e-06,TRUE
123,100,1.699323843731e-08,FALSE
124,15,0.548183009314981,TRUE
124,20,0.27096682771648,TRUE
124,30,0.013917672133801,TRUE
124,40,0.012577963744651,TRUE
124,50,0.000539404786244701,TRUE
124,60,0.00374676127657939,TRUE
124,80,0.000455200381348889,TRUE
124,100,0.000207099864316886,TRUE
125,15,0.010079109169272,TRUE
125,20,0.126223057954417,TRUE
125,30,0.0290985710319515,TRUE
125,40,0.000263941648682501,TRUE
125,50,3.96413159533742e-06,TRUE
125,60,2.04696517906187e-06,TRUE
125,80,1.2786454005465e-09,TRUE
125,100,1.65738563742644e-08,TRUE
126,15,0.00155825582756671,TRUE
126,20,0.0228180794287144,TRUE
126,30,0.00155183894971755,TRUE
126,40,0.0276443477686013,FALSE
126,50,0.00645272235086299,FALSE
126,60,0.000248296166058476,TRUE
126,80,3.81016131003967e-06,TRUE
126,100,3.50790448849411e-06,FALSE
127,15,0.0103351338107109,TRUE
127,20,0.000255513877350946,TRUE
127,30,0.000761173806366652,TRUE
127,40,0.000165901897128709,TRUE
127,50,0.000951537679719024,TRUE
127,60,3.4508747996967e-05,TRUE
127,80,5.40662351650434e-07,TRUE
127,100,1.32215269377672e-07,TRUE
128,15,0.0408503682242716,TRUE
128,20,0.22792338662544,TRUE
128,30,0.002574488532904,TRUE
128,40,0.025278456777792,FALSE
128,50,0.000165181284008041,TRUE
128,60,7.14085875189251e-05,TRUE
128,80,5.57458228811781e-08,TRUE
128,100,1.66354092174168e-06,TRUE
129,15,0.284685837478519,TRUE
129,20,0.00203382856131402,TRUE
129,30,0.0095450245948426,TRUE
129,40,0.00306268166579307,TRUE
129,50,0.00879126531242208,TRUE
129,60,0.00183671925087581,TRUE
129,80,0.000355289274729792,TRUE
129,100,6.68838605703569e-06,TRUE
130,15,0.852905909444173,TRUE
130,20,0.0368968739935424,TRUE
130,30,0.000153553105814348,TRUE
130,40,6.95277285593574e-06,TRUE
130,50,8.26875548484397e-09,TRUE
130,60,1.30140258428315e-10,TRUE
130,80,1.39517782318876e-08,TRUE
130,100,5.65975538441194e-14,TRUE
131,15,0.0154914622004426,TRUE
131,20,0.0501867103591848,TRUE
131,30,0.000186057482566285,TRUE
131,40,0.000157945002367707,TRUE
131,50,6.15765222523182e-05,TRUE
131,60,0.000161700511397218,TRUE
131,80,7.00749879379742e-05,TRUE
131,100,3.87981352003094e-06,TRUE
132,15,0.112707139859197,TRUE
132,20,0.200549991959248,TRUE
132,30,0.000346630982129884,TRUE
132,40,0.000300780562821316,TRUE
132,50,0.0431996309152165,TRUE
132,60,0.000209427794645304,TRUE
132,80,5.69186697441242e-05,TRUE
132,100,0.000161939492669901,TRUE
133,15,0.0345947772908029,TRUE
133,20,0.00044733186423023,FALSE
133,30,0.00281859684270328,TRUE
133,40,0.161644413336739,TRUE
133,50,0.000909913974695835,TRUE
133,60,6.05662825737342e-05,FALSE
133,80,3.33305761760417e-07,TRUE
133,100,2.73493690596174e-08,TRUE
134,15,0.121362205851613,TRUE
134,20,0.00381264411813198,TRUE
134,30,0.000261719716190814,TRUE
134,40,0.00121308709035455,TRUE
134,50,5.61959435091907e-06,TRUE
134,60,2.76289490823544e-05,TRUE
134,80,2.85577246703562e-06,TRUE
134,100,2.38768199146234e-08,TRUE
135,15,0.00558747170320564,TRUE
135,20,6.85206752639511e-05,FALSE
135,30,0.0186349771244277,TRUE
135,40,0.00163208370777919,TRUE
135,50,0.029261439129468,TRUE
135,60,0.0113795008684206,TRUE
135,80,0.00120046876912691,TRUE
135,100,0.000290185846630435,TRUE
136,15,0.920610999159967,FALSE
136,20,0.800388180006533,TRUE
136,30,0.123574071196264,TRUE
136,40,0.0024657941215847,TRUE
136,50,0.0104254902404667,TRUE
136,60,0.000717043272505013,TRUE
136,80,7.73904963894213e-07,TRUE
136,100,1.53909146534883e-06,FALSE
137,15,0.162549806131342,TRUE
137,20,0.940524597789759,TRUE
137,30,0.0025229978716494,TRUE
137,40,3.40071595728867e-06,TRUE
137,50,0.00035627705112139,TRUE
137,60,0.000720981763757,TRUE
137,80,0.00379941474778268,TRUE
137,100,2.05210782265526e-05,TRUE
138,15,0.14875804937292,TRUE
138,20,0.00345788824908757,TRUE
138,30,0.00108919515153996,FALSE
138,40,0.027183730108293,TRUE
138,50,0.00267013624442274,TRUE
138,60,0.00176872539790152,TRUE
138,80,0.000345745374676494,FALSE
138,100,0.00022429461024537,TRUE
139,15,0.0535580613325778,TRUE
139,20,0.532918774783779,TRUE
139,30,0.0531455436275386,TRUE
139,40,0.0219585324978511,TRUE
139,50,0.000268332478057775,TRUE
139,60,4.29491711487188e-06,TRUE
139,80,7.14098309621999e-05,TRUE
139,100,2.25302681581594e-05,TRUE
140,15,0.673971202051363,TRUE
140,20,0.0309216769935663,TRUE
140,30,0.00641379953733521,TRUE
140,40,0.111342107605936,TRUE
140,50,0.0209550134820798,TRUE
140,60,0.0013437390706725,TRUE
140,80,0.00393937621027637,TRUE
140,100,0.00734770866505465,TRUE
141,15,0.0802933667320105,FALSE
141,20,0.187381508460005,TRUE
141,30,0.0639171219225752,TRUE
141,40,0.00281107900321892,TRUE
141,50,1.54361447798424e-05,TRUE
141,60,0.00132319078798731,TRUE
141,80,0.000427583884152056,TRUE
141,100,9.20189013384642e-05,TRUE
142,15,0.848706765418183,TRUE
142,20,0.0103262030734911,TRUE
142,30,0.045693223341731,TRUE
142,40,0.00443221017763912,TRUE
142,50,0.00758729551896761,TRUE
142,60,0.00100269914922423,TRUE
142,80,4.01230942691479e-06,TRUE
142,100,2.26348974475353e-05,TRUE
143,15,0.00396645215220767,FALSE
143,20,0.131921991640782,TRUE
143,30,0.00763430689041464,TRUE
143,40,0.00231184182713303,TRUE
143,50,4.17307054156576e-05,FALSE
143,60,0.00107084460132592,TRUE
143,80,3.67639989781179e-07,TRUE
143,100,3.47287380862995e-06,TRUE
144,15,0.320006575755701,TRUE
144,20,0.0013618289701321,TRUE
144,30,0.0117267504387646,TRUE
144,40,0.00960966489097775,TRUE
144,50,0.0882541782184858,TRUE
144,60,0.0164330127663547,TRUE
144,80,0.0652855347633196,TRUE
144,100,0.0024260910680429,TRUE
145,15,0.487679082148487,TRUE
145,20,NA,TRUE
145,30,0.000886606101578028,TRUE
145,40,0.00183724722815724,FALSE
145,50,0.00125212671996796,FALSE
145,60,0.0117507495460739,TRUE
145,80,0.00468270601525018,TRUE
145,100,0.000264230583094607,TRUE
146,15,0.0459081001784935,TRUE
146,20,0.00203539250984597,TRUE
146,30,0.00803643038015407,TRUE
146,40,0.000202923617980206,FALSE
146,50,0.00261572903374593,FALSE
146,60,6.82918126824886e-05,TRUE
146,80,4.52660209257348e-07,TRUE
146,100,2.00775524421772e-08,TRUE
147,15,2.89627400334294e-08,FALSE
147,20,0.000811366384871637,TRUE
147,30,8.28233488902406e-07,TRUE
147,40,2.99778512632311e-05,TRUE
147,50,4.20278332703537e-07,TRUE
147,60,1.85975045150922e-11,TRUE
147,80,3.01917231860665e-13,TRUE
147,100,1.74532207866953e-14,TRUE
148,15,0.805341944876764,TRUE
148,20,0.00105765574105954,TRUE
148,30,0.00507346087829146,TRUE
148,40,0.00291038972320596,TRUE
148,50,0.000146124884474508,TRUE
148,60,8.95652944623412e-05,TRUE
148,80,5.03095128942715e-06,TRUE
148,100,6.4359740066024e-06,TRUE
149,15,0.690567716083536,FALSE
149,20,0.636582131087779,TRUE
149,30,0.208235084563117,TRUE
149,40,0.00142571313772737,TRUE
149,50,0.000229958585837681,TRUE
149,60,0.00521826676411216,TRUE
149,80,0.00399177464061838,FALSE
149,100,0.000559206083111931,TRUE
150,15,0.0483920373693428,FALSE
150,20,0.00241592800698327,TRUE
150,30,0.0621635262539273,TRUE
150,40,0.000660699991889961,TRUE
150,50,0.00135066132205367,TRUE
150,60,0.00277513934062024,TRUE
150,80,0.000274618915167204,FALSE
150,100,0.000400900695935596,TRUE
